"ID","Name","Title","Role","Origin","Current identity / powers","Current movement","Declared speed","Flight tier","Flight tier basis","Current flight visual","Current evade / sprint","Current movement extras","Current body model","Current frame (derived)","Current model (resolved defaults)","Current build / gear","Current carried items","Current colors","Current threat","Current strength","Current power-up","Current abilities","Before front","Before rear","Before archive commit","After status","Desired look / silhouette","Desired hair / face","Desired costume","Desired emblem","Desired colors / materials","Desired gear","Desired sprint animation","Desired flight animation","Desired infected identity","Desired power visuals","Design approval","Animation approval","Reviewer notes","After evidence link","Definition source","Appearance source","Scope"
"sol","SOL","Man of Sunlight","Bruiser / Beam","altered","A living solar reactor. Thin heat-ray, wide freezing breath, and a flight-fist that ends arguments.","Flight","34","3","Explicit source","hero","{""kind"":""dash"",""name"":""Solar Step""}","{""afterburner"":{""mult"":2.1,""kiPerSec"":14,""wake"":[""#ffffff"",""#ffd24a""]}}","superhero-male","{""scale"":1.12,""bulk"":1.28,""broad"":1.24,""head"":0.9,""neck"":1.34,""stance"":1.18}","{""costume"":""fitted"",""flightStyle"":""hero"",""hairColor"":""#172127"",""body"":""superhero-male"",""surface"":""standard"",""definition"":0.85}","{""pauldron"":1,""gaunt"":1}","Not declared","{""primary"":""#ef652e"",""secondary"":""#0a27ff"",""accent"":""#ffd557"",""skin"":""#e8c39a"",""cape"":""#dd4309""}","Very High","8","{""schema"":1,""sourceSlot"":""r"",""ability"":{""type"":""buff"",""name"":""Solar Overload"",""cost"":30,""cd"":22,""mult"":1.7,""dur"":12,""heal"":40,""color"":""#ffd24a"",""color2"":""#fff2c0"",""dtype"":""fire""}}","LMB: Heat Ray (beam)
RMB: Arctic Breath (cone)
Q: Sky Smash (melee)
E: Solar Flare (projectile)
H: Heat Flurry (volley)
SHIFT: Super Dash (dash)","../marketing/roster-before-rebuild/sol-front.png","../marketing/roster-before-rebuild/sol-rear.png","77e7e59","No after evidence supplied","","","","","","","","","","","","","","","src/data/characters.js","src/data/hero-models.js; src/engine/figure.js; def.model / def.build","Checked-in roster; no browser-local profiles"
"kano","KANO","Spirit Warrior","All-Rounder","spiritual","Charge the Wave Cannon like a firehose of light. Blink behind them. Then drop a sky-sized Star Sphere.","Flight","36","3","Runtime default (not explicit)","martial","{""kind"":""blink"",""name"":""Instant Step"",""range"":24}","{}","Not declared","{""scale"":1,""bulk"":1,""broad"":1,""head"":1,""neck"":1,""stance"":1}","{""costume"":""martial"",""flightStyle"":""martial"",""hairColor"":""#14222a"",""definition"":0.5}","{""band"":1,""gaunt"":1}","Not declared","{""primary"":""#ff5d2d"",""secondary"":""#109bf5"",""accent"":""#e4ffff"",""skin"":""#e8c39a""}","Very High","6","{""schema"":1,""sourceSlot"":""f"",""ability"":{""type"":""buff"",""name"":""Ascend"",""cost"":26,""cd"":20,""mult"":1.6,""dur"":11,""color"":""#ffe066"",""color2"":""#fff""}}","LMB: Wave Cannon (beam)
RMB: Comet Rush (rush)
Q: Ki Blast (projectile)
E: Snap Transit (teleport)
SHIFT: Flash Step (dash)
R: Star Sphere (growingorb)","../marketing/roster-before-rebuild/kano-front.png","../marketing/roster-before-rebuild/kano-rear.png","77e7e59","No after evidence supplied","","","","","","","","","","","","","","","src/data/characters.js","src/data/hero-models.js; src/engine/figure.js; def.model / def.build","Checked-in roster; no browser-local profiles"
"vega","VEGAS","Fallen Prince","Charge Artillery","alien","Left-right-left-right blaster storm, a size-scaling Nova Burst that cracks the ground, and the Final Arc.","Flight","33","3","Runtime default (not explicit)","hero","{""kind"":""dash"",""name"":""Royal Sidestep""}","{}","superhero-male","{""scale"":1.06,""bulk"":1.15,""broad"":1.13,""head"":0.94,""neck"":1.18,""stance"":1.09}","{""costume"":""plated"",""flightStyle"":""hero"",""hairColor"":""#17242b"",""body"":""superhero-male"",""surface"":""field"",""hair"":""none"",""insignia"":""V"",""definition"":0.2}","{""pauldron"":1,""gaunt"":1,""collar"":1}","Not declared","{""primary"":""#e0243a"",""secondary"":""#d3d9bc"",""accent"":""#ffbc24"",""skin"":""#5b3829""}","Very High","7","{""schema"":1,""sourceSlot"":""f"",""ability"":{""type"":""buff"",""name"":""Prince’s Pride"",""cost"":24,""cd"":20,""mult"":1.7,""dur"":11,""color"":""#f5b21a"",""color2"":""#fff""}}","LMB: Volley (volley)
RMB: Violet Lance (beam)
Q: Nova Burst (charge)
E: Rush Combo (melee)
SHIFT: Burst Dash (dash)
R: Final Arc (beam)","../marketing/roster-before-rebuild/vega-front.png","../marketing/roster-before-rebuild/vega-rear.png","77e7e59","No after evidence supplied","","","","","","","","","","","","","","","src/data/characters.js","src/data/hero-models.js; src/engine/figure.js; def.model / def.build","Checked-in roster; no browser-local profiles"
"aurum","AURUM","The Willbearer","Constructs","tech","Solid-light constructs you fly with your cursor: a rocket fist, a falling hammer, a wall, a sentry turret.","Flight","32","3","Runtime default (not explicit)","martial","{""kind"":""dash"",""name"":""Will Surge""}","{}","Not declared","{""scale"":1,""bulk"":1,""broad"":1,""head"":1,""neck"":1,""stance"":1}","{""costume"":""fitted"",""flightStyle"":""martial"",""hairColor"":""#17242b"",""definition"":0.85}","{""collar"":1,""gaunt"":1}","Not declared","{""primary"":""#05da54"",""secondary"":""#087d43"",""accent"":""#84ffa3"",""skin"":""#caa27a""}","High","5","{""schema"":1,""sourceSlot"":""r"",""ability"":{""type"":""buff"",""name"":""Overcharge Ring"",""cost"":28,""cd"":20,""mult"":1.6,""dur"":11,""heal"":35,""color"":""#7dff9e"",""color2"":""#efffe8""}}","LMB: Will Fist (construct)
RMB: Will Hammer (construct)
Q: Barrier (construct)
E: Sentry (construct)
H: Emerald Bolt (projectile)
SHIFT: Will Surge (dash)","../marketing/roster-before-rebuild/aurum-front.png","../marketing/roster-before-rebuild/aurum-rear.png","77e7e59","No after evidence supplied","","","","","","","","","","","","","","","src/data/characters.js","src/data/hero-models.js; src/engine/figure.js; def.model / def.build","Checked-in roster; no browser-local profiles"
"nova","NOVA","Star Sovereign","Sky Artillery","alien","Rains stars from orbit. A precision Star Lance, a swelling Nova Core, and a sky-wide Meteor Storm.","Flight","33","3","Runtime default (not explicit)","martial","{""kind"":""dash"",""name"":""Star Step""}","{""afterburner"":{""mult"":2.1,""kiPerSec"":14,""wake"":[""#ffffff"",""#7fe6ff""]}}","Not declared","{""scale"":1,""bulk"":1,""broad"":1,""head"":1,""neck"":1,""stance"":1}","{""costume"":""fitted"",""flightStyle"":""martial"",""hairColor"":""#17242b"",""definition"":0.85}","{""helmet"":1,""visor"":1,""pauldron"":1}","Not declared","{""primary"":""#ff9149"",""secondary"":""#613419"",""accent"":""#ffd557"",""skin"":""#e8c39a"",""cape"":""#fa6006""}","Extreme","5","Not declared","LMB: Star Lance (beam)
RMB: Nova Core (charge)
Q: Plasma Orb (projectile)
E: Solar Wind (cone)
H: Ember Spray (volley)
SHIFT: Sun Step (dash)
R: Meteor Storm (meteor)","../marketing/roster-before-rebuild/nova-front.png","../marketing/roster-before-rebuild/nova-rear.png","77e7e59","No after evidence supplied","","","","","","","","","","","","","","","src/data/characters.js","src/data/hero-models.js; src/engine/figure.js; def.model / def.build","Checked-in roster; no browser-local profiles"
"rime","RIME","The Deep Cold","Cryo Control","mutated","Freezes the battlefield: breath that slows to a crawl, walls of ice, and an Absolute Zero detonation.","Levitation","31","2","Explicit source","martial","{""kind"":""slide"",""name"":""Ice Skate"",""slideT"":0.7,""power"":135}","{""flyStyle"":""ice""}","Not declared","{""scale"":0.97,""bulk"":0.9,""broad"":0.96,""head"":1.03,""neck"":0.92,""stance"":1}","{""costume"":""fitted"",""flightStyle"":""martial"",""hairColor"":""#17242b"",""definition"":0.85}","{""crest"":1,""collar"":1}","Not declared","{""primary"":""#49c4fa"",""secondary"":""#cbf0ff"",""accent"":""#e4ffff"",""skin"":""#cfe6f0""}","High","4","Not declared","LMB: Frost Breath (cone)
RMB: Shard Volley (volley)
Q: Ice Wall (construct)
E: Cryo Beam (beam)
H: Glacier Spike (projectile)
SHIFT: Ice Skate (dash)
R: Absolute Zero (charge)","../marketing/roster-before-rebuild/rime-front.png","../marketing/roster-before-rebuild/rime-rear.png","77e7e59","No after evidence supplied","","","","","","","","","","","","","","","src/data/characters.js","src/data/hero-models.js; src/engine/figure.js; def.model / def.build","Checked-in roster; no browser-local profiles"
"volt","VOLT","The Overclock","Speed / Lightning","altered","Faster than you can track. Grab him and the current bites back. Lightning flurries, arc-beams, and Overclock.","Momentum glide","44","0","Explicit source","martial","{""kind"":""sprint"",""name"":""Mach Sprint"",""mult"":1.95,""dur"":1.3,""through"":true,""lightning"":true,""cost"":7}","{""movementTrail"":{""life"":0.24,""width"":0.16,""intensity"":0.68},""momentumGlide"":{""minSpeed"":70,""sink"":10,""drag"":0.25,""turnRate"":0.65,""kiPerSec"":14}}","Not declared","{""scale"":0.92,""bulk"":0.79,""broad"":0.9,""head"":1.09,""neck"":0.84,""stance"":0.94}","{""costume"":""fitted"",""flightStyle"":""martial"",""hairColor"":""#17242b"",""definition"":0.85}","{""crest"":1,""gaunt"":1}","Not declared","{""primary"":""#ebff2d"",""secondary"":""#38314a"",""accent"":""#e4ffff"",""skin"":""#e8c39a""}","Moderate","3","{""schema"":1,""sourceSlot"":""r"",""ability"":{""type"":""buff"",""name"":""Overclock"",""cost"":26,""cd"":18,""mult"":1.8,""dur"":9,""timeField"":{""radius"":112,""scale"":0.25,""dur"":5,""style"":""speed"",""color"":""#7fd4ff""},""color"":""#ffd21a"",""color2"":""#fff""}}","LMB: Lightning Flurry (rush)
RMB: Arc Beam (beam)
Q: Chain Bolt (projectile)
E: Static Field (cone)
H: Zap Step (teleport)
SHIFT: Blink (dash)","../marketing/roster-before-rebuild/volt-front.png","../marketing/roster-before-rebuild/volt-rear.png","77e7e59","No after evidence supplied","","","","","","","","","","","","","","","src/data/characters.js","src/data/hero-models.js; src/engine/figure.js; def.model / def.build","Checked-in roster; no browser-local profiles"
"warden","WARDEN","Gravity Anchor","Control / Slam","mutated","Bends weight itself. Shove crowds with force cones, drop a Singularity, then Collapse the arena.","Levitation","30","2","Explicit source","martial","{""kind"":""dash"",""name"":""Gravity Shift"",""power"":92}","{}","Not declared","{""scale"":1.12,""bulk"":1.28,""broad"":1.24,""head"":0.9,""neck"":1.34,""stance"":1.18}","{""costume"":""fitted"",""flightStyle"":""martial"",""hairColor"":""#17242b"",""definition"":0.85}","{""helmet"":1,""visor"":1,""pauldron"":2,""gaunt"":1}","Not declared","{""primary"":""#2c91ab"",""secondary"":""#1a4560"",""accent"":""#86e7ff"",""skin"":""#b9c6cc""}","High","8","Not declared","LMB: Force Push (cone)
RMB: Graviton (projectile)
Q: Singularity (growingorb)
E: Anchor Slam (melee)
H: Phase (teleport)
SHIFT: Slide (dash)
R: Collapse (charge)","../marketing/roster-before-rebuild/warden-front.png","../marketing/roster-before-rebuild/warden-rear.png","77e7e59","No after evidence supplied","","","","","","","","","","","","","","","src/data/characters.js","src/data/hero-models.js; src/engine/figure.js; def.model / def.build","Checked-in roster; no browser-local profiles"
"hive","HIVE","The Conclave","Summoner","tech","Never fights alone. Swarms of seeker-drones, a fixed sentinel, and an Overmind that empowers the hive.","Limited flight","32","1","Explicit source","martial","{""kind"":""dash"",""name"":""Scramble""}","{}","Not declared","{""scale"":0.92,""bulk"":0.79,""broad"":0.9,""head"":1.09,""neck"":0.84,""stance"":0.94}","{""costume"":""fitted"",""flightStyle"":""martial"",""hairColor"":""#17242b"",""definition"":0.85}","{""tank"":1,""crest"":1,""pauldron"":1}","Not declared","{""primary"":""#e1a33b"",""secondary"":""#60491a"",""accent"":""#ffe181"",""skin"":""#d8b98a""}","Moderate","3","{""schema"":1,""sourceSlot"":""r"",""ability"":{""type"":""buff"",""name"":""Overmind"",""cost"":28,""cd"":20,""mult"":1.5,""dur"":12,""heal"":25,""color"":""#ffdf7a"",""color2"":""#fff""}}","LMB: Drone Swarm (summon)
RMB: Sentinel (construct)
Q: Formic Sting (projectile)
E: Hunter Pack (summon)
H: Scatter (cone)
SHIFT: Scramble (dash)","../marketing/roster-before-rebuild/hive-front.png","../marketing/roster-before-rebuild/hive-rear.png","77e7e59","No after evidence supplied","","","","","","","","","","","","","","","src/data/characters.js","src/data/hero-models.js; src/engine/figure.js; def.model / def.build","Checked-in roster; no browser-local profiles"
"pyre","PYRE","Living Wildfire","Fire Bruiser","mutated","Walking eruption. Lobbed fireballs, a roaring flame cone, a swelling Magma Bomb, and a Rain of Fire.","Levitation","32","2","Explicit source","martial","{""kind"":""dash"",""name"":""Flare Step""}","{""flyStyle"":""fire""}","Not declared","{""scale"":1.06,""bulk"":1.15,""broad"":1.13,""head"":0.94,""neck"":1.18,""stance"":1.09}","{""costume"":""fitted"",""flightStyle"":""martial"",""hairColor"":""#17242b"",""definition"":0.85}","{""crest"":1,""gaunt"":1}","Not declared","{""primary"":""#ff742d"",""secondary"":""#6e2c03"",""accent"":""#ffb649"",""skin"":""#e0a878""}","Very High","7","Not declared","LMB: Fireball (projectile)
RMB: Flamethrower (cone)
Q: Magma Bomb (charge)
E: Burning Fist (melee)
H: Cinder Burst (volley)
SHIFT: Flare Dash (dash)
R: Rain of Fire (meteor)","../marketing/roster-before-rebuild/pyre-front.png","../marketing/roster-before-rebuild/pyre-rear.png","77e7e59","No after evidence supplied","","","","","","","","","","","","","","","src/data/characters.js","src/data/hero-models.js; src/engine/figure.js; def.model / def.build","Checked-in roster; no browser-local profiles"
"torch","TORCH","The Human Flame","Fire Flyer / Air","altered","Flame on. A fast flyer wrapped in fire — grab him and you burn. Jets, homing fireballs, and a supernova.","Flight","40","3","Explicit source","martial","{""kind"":""sprint"",""name"":""Jet Sprint"",""mult"":1.7,""dur"":1.6}","{""flyStyle"":""fire"",""afterburner"":{""mult"":2.1,""kiPerSec"":14,""wake"":[""#ff6a1a"",""#ffd24a""]}}","Not declared","{""scale"":0.97,""bulk"":0.9,""broad"":0.96,""head"":1.03,""neck"":0.92,""stance"":1}","{""costume"":""fitted"",""flightStyle"":""martial"",""hairColor"":""#17242b"",""definition"":0.85}","{""crest"":1}","Not declared","{""primary"":""#ffb02d"",""secondary"":""#b26300"",""accent"":""#ffd557"",""skin"":""#e8b98a""}","High","4","Not declared","LMB: Flame Jet (beam)
RMB: Fire Blast (cone)
Q: Fireball (projectile)
E: Flaming Fist (melee)
H: Ember Storm (volley)
SHIFT: Jet Dash (dash)
R: Supernova (nova)","../marketing/roster-before-rebuild/torch-front.png","../marketing/roster-before-rebuild/torch-rear.png","77e7e59","No after evidence supplied","","","","","","","","","","","","","","","src/data/characters.js","src/data/hero-models.js; src/engine/figure.js; def.model / def.build","Checked-in roster; no browser-local profiles"
"apex","APEX","The Perfect Being","Absorb / Regen","altered","A bio-engineered predator. His throws drain your life to heal him, he regenerates, and charges a perfect wave.","Flight","32","3","Runtime default (not explicit)","martial","{""kind"":""blink"",""name"":""Afterimage"",""range"":22}","{""afterburner"":{""mult"":2.1,""kiPerSec"":14,""wake"":[""#ffe066"",""#ff9a2a""]}}","Not declared","{""scale"":1.12,""bulk"":1.28,""broad"":1.24,""head"":0.9,""neck"":1.34,""stance"":1.18}","{""costume"":""fitted"",""flightStyle"":""martial"",""hairColor"":""#17242b"",""definition"":0.85}","{""crest"":1,""pauldron"":1}","Not declared","{""primary"":""#25ca61"",""secondary"":""#1c6b35"",""accent"":""#c3ff73"",""skin"":""#6fae7a""}","Extreme","8","Not declared","LMB: Wave Cannon (beam)
RMB: Tail Sweep (melee)
Q: Consume (lifedrain)
E: Afterimage (teleport)
H: Regenerate (buff)
SHIFT: Burst Step (dash)","../marketing/roster-before-rebuild/apex-front.png","../marketing/roster-before-rebuild/apex-rear.png","77e7e59","No after evidence supplied","","","","","","","","","","","","","","","src/data/characters.js","src/data/hero-models.js; src/engine/figure.js; def.model / def.build","Checked-in roster; no browser-local profiles"
"specter","SPECTER","The Synthezoid","Phase / Flight","robotic","Controls his own density. Phase through everything with energy, or turn diamond-hard to hit like a truck.","Flight","34","3","Runtime default (not explicit)","martial","{""kind"":""phase"",""name"":""Ghost Slip""}","{}","Not declared","{""scale"":1,""bulk"":1,""broad"":1,""head"":1,""neck"":1,""stance"":1}","{""costume"":""fitted"",""flightStyle"":""martial"",""hairColor"":""#17242b"",""definition"":0.85}","{""hood"":1,""visor"":1,""collar"":1}","Not declared","{""primary"":""#28bb83"",""secondary"":""#e0331b"",""accent"":""#ffe270"",""skin"":""#b9c6cc""}","High","6","Not declared","LMB: Solar Beam (beam)
RMB: Density Punch (melee)
Q: Intangibility (phase)
E: Stone Bolt (projectile)
H: Max Density (buff)
SHIFT: Phase Step (dash)
R: Solar Nova (charge)","../marketing/roster-before-rebuild/specter-front.png","../marketing/roster-before-rebuild/specter-rear.png","77e7e59","No after evidence supplied","","","","","","","","","","","","","","","src/data/characters.js","src/data/hero-models.js; src/engine/figure.js; def.model / def.build","Checked-in roster; no browser-local profiles"
"vanguard","VANGUARD","The Invincible","Air Combat / Invuln","alien","Bulletproof and airborne. Tackles across the sky, laser-visions from range, and turns briefly untouchable.","Flight","42","3","Runtime default (not explicit)","glider","{""kind"":""sprint"",""name"":""Blitz Run"",""mult"":1.75,""dur"":1.4}","{}","Not declared","{""scale"":1.12,""bulk"":1.28,""broad"":1.24,""head"":0.9,""neck"":1.34,""stance"":1.18}","{""costume"":""fitted"",""flightStyle"":""glider"",""hairColor"":""#17242b"",""definition"":0.85}","{""helmet"":1,""visor"":1,""pauldron"":2,""gaunt"":1}","Not declared","{""primary"":""#190aff"",""secondary"":""#d4d9bc"",""accent"":""#ffd557"",""skin"":""#e8c39a"",""cape"":""#dd6909""}","Very High","9","Not declared","LMB: Eye Beam (beam)
RMB: Flying Tackle (melee)
Q: Thunderclap (cone)
E: Sky Combo (rush)
SHIFT: Blitz (dash)
R: Unbreakable (buff)","../marketing/roster-before-rebuild/vanguard-front.png","../marketing/roster-before-rebuild/vanguard-rear.png","77e7e59","No after evidence supplied","","","","","","","","","","","","","","","src/data/characters.js","src/data/hero-models.js; src/engine/figure.js; def.model / def.build","Checked-in roster; no browser-local profiles"
"kraken","KRAKEN","The Abyss Given Form","Tentacle Grappler","symbiotic","Four living tentacles grown from raw energy. They reach, they constrict — and then they slam you through the nearest wall.","Limited flight","29","1","Explicit source","martial","{""kind"":""slide"",""name"":""Undertow"",""slideT"":0.6,""power"":120}","{}","Not declared","{""scale"":1.12,""bulk"":1.28,""broad"":1.24,""head"":0.9,""neck"":1.34,""stance"":1.18}","{""costume"":""fitted"",""flightStyle"":""martial"",""hairColor"":""#17242b"",""definition"":0.85}","{""horns"":1,""collar"":1}","Not declared","{""primary"":""#01a1bc"",""secondary"":""#026575"",""accent"":""#57ffd7"",""skin"":""#7fb8ac""}","Very High","8","Not declared","LMB: Abyssal Grab (tentacle)
RMB: Riptide Lash (melee)
Q: Corrosive Ink (cone)
E: Abyss Bolt (projectile)
H: Deep Hunger (buff)
SHIFT: Surge (dash)
R: Leviathan Maw (charge)","../marketing/roster-before-rebuild/kraken-front.png","../marketing/roster-before-rebuild/kraken-rear.png","77e7e59","No after evidence supplied","","","","","","","","","","","","","","","src/data/characters.js","src/data/hero-models.js; src/engine/figure.js; def.model / def.build","Checked-in roster; no browser-local profiles"
"rift","RIFT","The Doorbreaker","Portal Tactician","mutated","Opens doors in the world itself. Orange in, blue out — fighters, fireballs, everything goes through. Geometry is a suggestion.","Levitation","34","2","Explicit source","martial","{""kind"":""blink"",""name"":""Side Door"",""range"":36,""cost"":14,""cd"":1.5,""iframes"":0.3}","{}","Not declared","{""scale"":0.92,""bulk"":0.79,""broad"":0.9,""head"":1.09,""neck"":0.84,""stance"":0.94}","{""costume"":""fitted"",""flightStyle"":""martial"",""hairColor"":""#17242b"",""definition"":0.85}","{""helmet"":1,""visor"":1,""collar"":1}","Not declared","{""primary"":""#3e445d"",""secondary"":""#c0c7d9"",""accent"":""#ff933b"",""skin"":""#d8b98a""}","High","3","{""schema"":1,""sourceSlot"":""f"",""ability"":{""type"":""buff"",""name"":""Untethered"",""cost"":24,""cd"":18,""mult"":1.5,""dur"":9,""color"":""#ff8a2a"",""color2"":""#fff""}}","LMB: Rift Ray (beam)
RMB: Dimensional Door (portal)
Q: Fracture Bolt (projectile)
E: Step Through (teleport)
SHIFT: Slip (dash)
R: Event Horizon (charge)","../marketing/roster-before-rebuild/rift-front.png","../marketing/roster-before-rebuild/rift-rear.png","77e7e59","No after evidence supplied","","","","","","","","","","","","","","","src/data/characters.js","src/data/hero-models.js; src/engine/figure.js; def.model / def.build","Checked-in roster; no browser-local profiles"
"titan","TITAN","The War Engine","Armored Juggernaut","robotic","Not a man — a machine of war. Battery-fed twin cannons, a pulse rifle, thruster exhaust, and armor that showers sparks instead of blood.","Levitation","29","2","Explicit source","thruster","{""kind"":""dash"",""name"":""Thruster Burn"",""power"":100,""dtype"":""fire""}","{}","Not declared","{""scale"":1.12,""bulk"":1.28,""broad"":1.24,""head"":0.9,""neck"":1.34,""stance"":1.18}","{""costume"":""plated"",""flightStyle"":""thruster"",""hairColor"":""#17242b"",""definition"":0.2}","{""helmet"":1,""visor"":1,""pauldron"":2,""gaunt"":1,""gun"":1}","Not declared","{""primary"":""#62658b"",""secondary"":""#3e3d5d"",""accent"":""#ffa23b"",""skin"":""#8a919c""}","High","9","{""schema"":1,""sourceSlot"":""f"",""ability"":{""type"":""buff"",""name"":""Overdrive Core"",""cost"":26,""cd"":20,""mult"":1.6,""dur"":11,""heal"":30,""color"":""#ff9a2a"",""color2"":""#fff""}}","LMB: Twin Cannon (beam)
RMB: Pulse Rifle (rifle)
Q: Reactor Burst (charge)
E: Vent Blast (cone)
SHIFT: Thruster Dash (dash)
R: Annihilator Array (beam)","../marketing/roster-before-rebuild/titan-front.png","../marketing/roster-before-rebuild/titan-rear.png","77e7e59","No after evidence supplied","","","","","","","","","","","","","","","src/data/characters.js","src/data/hero-models.js; src/engine/figure.js; def.model / def.build","Checked-in roster; no browser-local profiles"
"sarge","SARGE","The Last Soldier","Human Arsenal","skilled","No powers. Just a pulse carbine, a plasma blade, a riot shield, grenades, and legs that clear a building. Somehow still terrifying.","Combat leap","33","0","Explicit source","thruster","{""kind"":""leap"",""name"":""Combat Leap"",""up"":48,""fwd"":68}","{}","superhero-male","{""scale"":1.02,""bulk"":1.08,""broad"":1.1,""stance"":1.05,""head"":0.97,""neck"":1.05}","{""costume"":""tactical"",""flightStyle"":""thruster"",""hairColor"":""#17242b"",""body"":""superhero-male"",""surface"":""field"",""equipment"":""soldier"",""definition"":0.35}","{""band"":1,""gaunt"":1,""gun"":1,""weaponL"":""sword"",""shield"":1}","[{""kind"":""jetcell"",""name"":""Jump Jets"",""cd"":14,""dur"":6,""charges"":2}]","{""primary"":""#75903f"",""secondary"":""#4d5d31"",""accent"":""#ffd557"",""skin"":""#c9915a""}","Low","4","Not declared","LMB: Service Carbine (rifle)
RMB: Frag Grenade (projectile)
Q: Plasma Blade (melee)
E: Breaching Shotgun (rifle)
H: Stim Shot (buff)
SHIFT: Combat Roll (dash)
R: Airstrike (meteor)","../marketing/roster-before-rebuild/sarge-front.png","../marketing/roster-before-rebuild/sarge-rear.png","77e7e59","No after evidence supplied","","","","","","","","","","","","","","","src/data/characters.js","src/data/hero-models.js; src/engine/figure.js; def.model / def.build","Checked-in roster; no browser-local profiles"
"merc","MERC","The Outlander","Gun Combat","skilled","A mercenary with a gun for every range and a short-range combat teleporter. Charged pistol, blaster rifle, thermal detonators — double-tap a direction to blink out of the firing line.","Ground","34","0","Explicit source","thruster","{""kind"":""blink"",""name"":""Combat Blink"",""range"":16,""cost"":6,""cd"":0.9,""iframes"":0.18}","{}","superhero-male","{""scale"":1.02,""bulk"":1.08,""broad"":1.1,""stance"":1.05,""head"":0.97,""neck"":1.05}","{""costume"":""tactical"",""flightStyle"":""thruster"",""hairColor"":""#17242b"",""body"":""superhero-male"",""surface"":""field"",""equipment"":""soldier"",""definition"":0.35}","{""collar"":1,""weaponR"":""rifle"",""weaponL"":""pistol""}","[{""kind"":""shieldpack"",""name"":""Personal Shield"",""cd"":18,""hp"":60,""charges"":2}]","{""primary"":""#6a5c48"",""secondary"":""#3d362c"",""accent"":""#ffb24a"",""skin"":""#c9a075""}","Low","3","Not declared","LMB: Blaster Rifle (rifle)
RMB: Charged Pistol (charge)
Q: Scatter Blaster (rifle)
E: Thermal Detonator (projectile)
H: Heavy Pistol (rifle)
SHIFT: Combat Roll (dash)
R: Rail Detonator (projectile)","../marketing/roster-before-rebuild/merc-front.png","../marketing/roster-before-rebuild/merc-rear.png","77e7e59","No after evidence supplied","","","","","","","","","","","","","","","src/data/characters.js","src/data/hero-models.js; src/engine/figure.js; def.model / def.build","Checked-in roster; no browser-local profiles"
"kivuli","KIVULI","The Breath of Kampala","Gas Controller","mutated","From Kampala, Uganda. Exhales a living purple gas that chokes, blinds — and turns SOLID on his command. Walls, blades, coffins of hardened vapor.","Levitation","33","2","Explicit source","martial","{""kind"":""phase"",""name"":""Mist Walk""}","{}","Not declared","{""scale"":0.97,""bulk"":0.9,""broad"":0.96,""head"":1.03,""neck"":0.92,""stance"":1}","{""costume"":""fitted"",""flightStyle"":""martial"",""hairColor"":""#17242b"",""definition"":0.85}","{""tank"":1,""hood"":1}","Not declared","{""primary"":""#4a2a80"",""secondary"":""#1e1038"",""accent"":""#b06aff"",""skin"":""#6a4a3a""}","High","4","Not declared","LMB: Choking Veil (cone)
RMB: Solid Smoke (construct)
Q: Gas Form (phase)
E: Creeping Cloud (projectile)
H: Second Wind (buff)
SHIFT: Vapor Slip (dash)
R: Asphyxia (charge)","../marketing/roster-before-rebuild/kivuli-front.png","../marketing/roster-before-rebuild/kivuli-rear.png","77e7e59","No after evidence supplied","","","","","","","","","","","","","","","src/data/characters.js","src/data/hero-models.js; src/engine/figure.js; def.model / def.build","Checked-in roster; no browser-local profiles"
"gale","GALE","The Last Ranger","Archer / Trick Arrows","skilled","No powers — a bow, a knife, and a quiver of nasty ideas. Draw deep and switch broadheads: poison bleeds, flame burns, explosive erases, acid eats armour.","Combat leap","36","0","Explicit source","martial","{""kind"":""leap"",""name"":""Vault"",""up"":42,""fwd"":60}","{}","Not declared","{""scale"":0.92,""bulk"":0.79,""broad"":0.9,""head"":1.09,""neck"":0.84,""stance"":0.94}","{""costume"":""tactical"",""flightStyle"":""martial"",""hairColor"":""#17242b"",""definition"":0.35}","{""band"":1,""weaponL"":""bow"",""weaponR"":""knife""}","[{""kind"":""medkit"",""name"":""Field Kit"",""cd"":9,""heal"":40,""charges"":2}]","{""primary"":""#3d7335"",""secondary"":""#32561c"",""accent"":""#a5e86f"",""skin"":""#d8a878""}","Low","3","Not declared","LMB: Longshot (bow)
RMB: Concussion Shot (projectile)
Q: Switch Broadheads (quiver)
E: Ranger Knife (melee)
H: Deadeye (buff)
SHIFT: Tumble (dash)
R: Arrow Storm (volley)","../marketing/roster-before-rebuild/gale-front.png","../marketing/roster-before-rebuild/gale-rear.png","77e7e59","No after evidence supplied","","","","","","","","","","","","","","","src/data/characters.js","src/data/hero-models.js; src/engine/figure.js; def.model / def.build","Checked-in roster; no browser-local profiles"
"stefanos","KING STEFANOS","The First Celebrity Superweapon","Formed Explosives","altered","President of Greece. His energy takes SHAPE before it strikes — jagged motes, concussive forms, and one shape he can never put down: her face, arriving slow, leaving nothing.","Flight","33","3","Explicit source","martial","{""kind"":""dash"",""name"":""Propulsion Step""}","{}","Not declared","{""scale"":1,""bulk"":1,""broad"":1,""head"":1,""neck"":1,""stance"":1}","{""costume"":""fitted"",""flightStyle"":""martial"",""hairColor"":""#17242b"",""definition"":0.85}","{""collar"":1,""gaunt"":1}","Not declared","{""primary"":""#2a35f0"",""secondary"":""#e6e4ce"",""accent"":""#ffd557"",""skin"":""#d8b088""}","Very High","5","{""schema"":1,""sourceSlot"":""f"",""ability"":{""type"":""buff"",""name"":""These Wounds Will Not Heal"",""cost"":26,""cd"":20,""mult"":1.65,""dur"":10,""color"":""#ffd24a"",""color2"":""#ffffff""}}","LMB: Formed Charge (projectile)
RMB: Mote Storm (volley)
Q: Concussive Form (cone)
E: Pressure Sphere (charge)
SHIFT: Propelled Slip (dash)
R: THE MARLETTA (facebomb)","../marketing/roster-before-rebuild/stefanos-front.png","../marketing/roster-before-rebuild/stefanos-rear.png","77e7e59","No after evidence supplied","","","","","","","","","","","","","","","src/data/characters.js","src/data/hero-models.js; src/engine/figure.js; def.model / def.build","Checked-in roster; no browser-local profiles"
"sandra","SANDRA","The First Jackal","LSW Hunter","skilled","The first Jackal. Hunts living superweapons for a living — twin pistols, a ring that sees through every camera on Earth, and a beacon she plants BEFORE the fight starts.","Ground","37","0","Explicit source","martial","{""kind"":""dash"",""name"":""Jackal Roll"",""iframes"":0.3,""cost"":4,""cd"":0.55}","{}","Not declared","{""scale"":0.97,""bulk"":0.9,""broad"":0.96,""head"":1.03,""neck"":0.92,""stance"":1}","{""costume"":""fitted"",""flightStyle"":""martial"",""hairColor"":""#17242b"",""definition"":0.85}","{""coat"":1,""band"":1,""weaponL"":""pistol"",""weaponR"":""pistol""}","[{""kind"":""beacon"",""name"":""Extraction Beacon"",""cd"":3.5}]","{""primary"":""#31344a"",""secondary"":""#6b5824"",""accent"":""#ffb649"",""skin"":""#7a5238""}","High","4","Not declared","LMB: Twin Pistols (rifle)
RMB: Suppressed SMG (rifle)
Q: The Ring Sees (buff)
E: Pistol Whip (melee)
H: Tracker Round (projectile)
SHIFT: Slip the Frame (dash)
R: Clean Extraction (rush)","../marketing/roster-before-rebuild/sandra-front.png","../marketing/roster-before-rebuild/sandra-rear.png","77e7e59","No after evidence supplied","","","","","","","","","","","","","","","src/data/characters.js","src/data/hero-models.js; src/engine/figure.js; def.model / def.build","Checked-in roster; no browser-local profiles"
"ironclad","IRONCLAD","The Suit","Powered Armor","tech","A genius in a furnace-gold shell. Repulsors, a chest unibeam, and enough thrust to argue with gravity.","Flight","30","3","Explicit source","thruster","{""kind"":""dash"",""name"":""Thruster Slip""}","{}","Not declared","{""scale"":1.06,""bulk"":1.22,""broad"":1.2,""head"":0.9,""neck"":1.32,""stance"":1.09}","{""costume"":""plated"",""flightStyle"":""thruster"",""hairColor"":""#17242b"",""definition"":0.2}","{""helmet"":1,""visor"":1,""pauldron"":2,""gaunt"":1}","Not declared","{""primary"":""#e60642"",""secondary"":""#f7691b"",""accent"":""#ffdb81"",""skin"":""#8a919c""}","High","7","{""schema"":1,""sourceSlot"":""f"",""ability"":{""type"":""buff"",""name"":""Overpower"",""cost"":24,""cd"":18,""mult"":1.55,""dur"":10,""color"":""#ffd97a"",""color2"":""#fff""}}","LMB: Repulsor Bolts (rifle)
RMB: Unibeam (beam)
Q: Micro-Missiles (projectile)
E: Flare Vent (cone)
SHIFT: Vector Thrust (dash)
R: Housewarming Party (beam)","../marketing/roster-before-rebuild/ironclad-front.png","../marketing/roster-before-rebuild/ironclad-rear.png","77e7e59","No after evidence supplied","","","","","","","","","","","","","","","src/data/characters.js","src/data/hero-models.js; src/engine/figure.js; def.model / def.build","Checked-in roster; no browser-local profiles"
"rage","RAGE","The Monster in the Man","Pure Strength","altered","The angrier he gets, the simpler the fight becomes. Strength 10. Leaps counties. Only knows haymakers.","Charged leap","30","0","Explicit source","martial","{""kind"":""leap"",""name"":""Rage Leap"",""up"":52,""fwd"":74}","{""traversalLeap"":{""chargeTime"":0.65,""cost"":24,""upMin"":26,""upMax"":88,""forwardMin"":30,""forwardMax"":150,""turnBudget"":0.3,""turnRate"":0.5}}","Not declared","{""scale"":1.2,""bulk"":1.42,""broad"":1.34,""head"":0.84,""neck"":1.5,""stance"":1.28}","{""costume"":""fitted"",""flightStyle"":""martial"",""hairColor"":""#17242b"",""definition"":0.85}","{""band"":1}","Not declared","{""primary"":""#28bb39"",""secondary"":""#3d485d"",""accent"":""#92e68d"",""skin"":""#5faf6a""}","Very High","10","{""schema"":1,""sourceSlot"":""f"",""ability"":{""type"":""buff"",""name"":""Fury Rising"",""cost"":20,""cd"":16,""mult"":1.5,""dur"":9,""heal"":40,""color"":""#8fe08a"",""color2"":""#fff""}}","LMB: Smash (melee)
RMB: Thunder Clap (cone)
Q: Boulder (projectile)
E: Rampage (rush)
SHIFT: Bull Charge (dash)
R: WORLD BREAKER (nova)","../marketing/roster-before-rebuild/rage-front.png","../marketing/roster-before-rebuild/rage-rear.png","77e7e59","No after evidence supplied","","","","","","","","","","","","","","","src/data/characters.js","src/data/hero-models.js; src/engine/figure.js; def.model / def.build","Checked-in roster; no browser-local profiles"
"stormcall","STORMCALL","Heir of Thunder","Storm God","spiritual","An axe that remembers lightning. Skies answer when he shouts.","Flight","31","3","Explicit source","hammer","{""kind"":""dash"",""name"":""Storm Step""}","{}","Not declared","{""scale"":1.12,""bulk"":1.28,""broad"":1.24,""head"":0.9,""neck"":1.34,""stance"":1.18}","{""costume"":""fitted"",""flightStyle"":""hammer"",""hairColor"":""#17242b"",""definition"":0.85}","{""helmet"":1,""pauldron"":2,""gaunt"":1,""weaponR"":""axe""}","Not declared","{""primary"":""#3f4390"",""secondary"":""#c0400f"",""accent"":""#86d6ff"",""skin"":""#e8c39a"",""cape"":""#c0400f""}","Very High","9","{""schema"":1,""sourceSlot"":""f"",""ability"":{""type"":""buff"",""name"":""Wrath of the Sky"",""cost"":26,""cd"":20,""mult"":1.6,""dur"":11,""color"":""#7fd4ff"",""color2"":""#fff""}}","LMB: Axe Cleave (melee)
RMB: Hurled Axe (projectile)
Q: Godblast (charge)
E: Tempest Breath (cone)
SHIFT: Bolt Dash (dash)
R: SKYFALL (meteor)","../marketing/roster-before-rebuild/stormcall-front.png","../marketing/roster-before-rebuild/stormcall-rear.png","77e7e59","No after evidence supplied","","","","","","","","","","","","","","","src/data/characters.js","src/data/hero-models.js; src/engine/figure.js; def.model / def.build","Checked-in roster; no browser-local profiles"
"webline","WEBLINE","The Neighborhood Ghost","Web Acrobat","altered","Too fast to hit, too chatty to ignore. His webs pull you in — the wall does the rest.","Grapple","42","0","Explicit source","martial","{""kind"":""leap"",""name"":""Web Vault"",""up"":46,""fwd"":70}","{}","Not declared","{""scale"":1,""bulk"":1,""broad"":1,""head"":1,""neck"":1,""stance"":1}","{""costume"":""fitted"",""flightStyle"":""martial"",""hairColor"":""#17242b"",""definition"":0.85}","{""band"":1}","Not declared","{""primary"":""#f68005"",""secondary"":""#173f59"",""accent"":""#e4ffff"",""skin"":""#e8c39a""}","High","6","Not declared","LMB: Web Snare (tentacle)
RMB: Spider Flurry (rush)
Q: Web Darts (projectile)
E: Sting Kick (melee)
H: Danger Sense (buff)
SHIFT: Web Zip (grapple)","../marketing/roster-before-rebuild/webline-front.png","../marketing/roster-before-rebuild/webline-rear.png","77e7e59","No after evidence supplied","","","","","","","","","","","","","","","src/data/characters.js","src/data/hero-models.js; src/engine/figure.js; def.model / def.build","Checked-in roster; no browser-local profiles"
"ripclaw","RIPCLAW","The Best At What He Does","Regenerating Slasher","mutated","Claws, healing, and a very short temper. What he does isn't very nice.","Ground","35","0","Explicit source","martial","{""kind"":""dash"",""name"":""Feral Weave""}","{}","Not declared","{""scale"":1,""bulk"":1,""broad"":1,""head"":1,""neck"":1,""stance"":1}","{""costume"":""fitted"",""flightStyle"":""martial"",""hairColor"":""#17242b"",""definition"":0.85}","{""mane"":1,""gaunt"":1}","Not declared","{""primary"":""#f7b41b"",""secondary"":""#3d485d"",""accent"":""#ffe270"",""skin"":""#e8c39a""}","High","6","{""schema"":1,""sourceSlot"":""r"",""ability"":{""type"":""buff"",""name"":""Berserker Rage"",""cost"":26,""cd"":20,""mult"":1.75,""dur"":9,""heal"":25,""color"":""#ffe066"",""color2"":""#fff""}}","LMB: Ripping Claws (melee)
RMB: Lunge Shred (melee)
Q: Berserker Slashes (rush)
E: Intimidate (cone)
H: Regeneration (buff)
SHIFT: Pounce Step (dash)","../marketing/roster-before-rebuild/ripclaw-front.png","../marketing/roster-before-rebuild/ripclaw-rear.png","77e7e59","No after evidence supplied","","","","","","","","","","","","","","","src/data/characters.js","src/data/hero-models.js; src/engine/figure.js; def.model / def.build","Checked-in roster; no browser-local profiles"
"majesty","MAJESTY","Higher. Further. Faster.","Cosmic Powerhouse","altered","A star wearing a person. When she goes binary, look away.","Flight","34","3","Explicit source","twin","{""kind"":""dash"",""name"":""Photon Slip""}","{""afterburner"":{""mult"":2.1,""kiPerSec"":14,""wake"":[""#eaf2ff"",""#c9d9ff""]}}","Not declared","{""scale"":1.12,""bulk"":1.28,""broad"":1.24,""head"":0.9,""neck"":1.34,""stance"":1.18}","{""costume"":""fitted"",""flightStyle"":""twin"",""hairColor"":""#17242b"",""definition"":0.85}","{""wings"":1,""band"":1,""pauldron"":1,""gaunt"":1}","Not declared","{""primary"":""#e6060f"",""secondary"":""#1544a0"",""accent"":""#ffd557"",""skin"":""#e8c39a""}","Extreme","8","{""schema"":1,""sourceSlot"":""f"",""ability"":{""type"":""buff"",""name"":""BINARY"",""cost"":28,""cd"":20,""mult"":1.8,""dur"":10,""color"":""#ffd24a"",""color2"":""#ffffff""}}","LMB: Photon Stream (beam)
RMB: Star Barrage (volley)
Q: Nova Fist (charge)
E: Comet Punch (melee)
SHIFT: Light Speed (dash)
R: Supernova Lance (beam)","../marketing/roster-before-rebuild/majesty-front.png","../marketing/roster-before-rebuild/majesty-rear.png","77e7e59","No after evidence supplied","","","","","","","","","","","","","","","src/data/characters.js","src/data/hero-models.js; src/engine/figure.js; def.model / def.build","Checked-in roster; no browser-local profiles"
"mystward","MYSTWARD","Keeper of the Seals","Mystic Defender","spiritual","Doors, wards, and sigils. He was a surgeon once; now he closes wounds in the world. The whip drinks the power right out of you.","Levitation","31","2","Explicit source","martial","{""kind"":""blink"",""name"":""Fold Step"",""range"":12,""cost"":6,""cd"":0.7,""iframes"":0.18}","{}","Not declared","{""scale"":0.97,""bulk"":0.9,""broad"":0.96,""head"":1.03,""neck"":0.92,""stance"":1}","{""costume"":""fitted"",""flightStyle"":""martial"",""hairColor"":""#17242b"",""definition"":0.85}","{""hood"":1,""collar"":1,""coat"":1}","Not declared","{""primary"":""#c00f0f"",""secondary"":""#3d485d"",""accent"":""#ffb649"",""skin"":""#d8b088""}","Very High","4","Not declared","LMB: Crimson Bands (projectile)
RMB: Seraphim Shield (construct)
Q: Fold Space (teleport)
E: Eldritch Whip (beam)
H: Vishanti Ward (buff)
SHIFT: Cloak Drift (dash)
R: Sigil Rain (meteor)","../marketing/roster-before-rebuild/mystward-front.png","../marketing/roster-before-rebuild/mystward-rear.png","77e7e59","No after evidence supplied","","","","","","","","","","","","","","","src/data/characters.js","src/data/hero-models.js; src/engine/figure.js; def.model / def.build","Checked-in roster; no browser-local profiles"
"onyx","ONYX","The Kinetic King","Kinetic Duelist","tech","A king in a suit that drinks the hit and hands it back. Claws first, questions later.","Combat leap","38","0","Explicit source","martial","{""kind"":""leap"",""name"":""Panther Pounce"",""up"":42,""fwd"":66}","{}","Not declared","{""scale"":1.06,""bulk"":1.15,""broad"":1.13,""head"":0.94,""neck"":1.18,""stance"":1.09}","{""costume"":""fitted"",""flightStyle"":""martial"",""hairColor"":""#17242b"",""definition"":0.85}","{""helmet"":1,""visor"":1,""collar"":1}","Not declared","{""primary"":""#2b3247"",""secondary"":""#3d485d"",""accent"":""#cad0db"",""skin"":""#5a3a28""}","High","7","Not declared","LMB: Kinetic Claws (melee)
RMB: Hunt Sequence (rush)
Q: Kimoyo Dart (projectile)
E: Sonic Overload (cone)
H: Kinetic Release (buff)
SHIFT: Shadow Step (dash)
R: Kinetic Burst (charge)","../marketing/roster-before-rebuild/onyx-front.png","../marketing/roster-before-rebuild/onyx-rear.png","77e7e59","No after evidence supplied","","","","","","","","","","","","","","","src/data/characters.js","src/data/hero-models.js; src/engine/figure.js; def.model / def.build","Checked-in roster; no browser-local profiles"
"chainfire","CHAINFIRE","The Debt Collector","Hellfire Chains","spiritual","A skull full of fire and a chain that always finds its debtor. It drags you back to the wall you owe.","Limited flight","31","1","Explicit source","martial","{""kind"":""dash"",""name"":""Burnout"",""dtype"":""fire""}","{""flyStyle"":""fire""}","Not declared","{""scale"":1.06,""bulk"":1.15,""broad"":1.13,""head"":0.94,""neck"":1.18,""stance"":1.09}","{""costume"":""fitted"",""flightStyle"":""martial"",""hairColor"":""#17242b"",""definition"":0.85}","{""horns"":1,""gaunt"":1,""coat"":1}","Not declared","{""primary"":""#31434a"",""secondary"":""#6b2c24"",""accent"":""#ff853b"",""skin"":""#c9bfa9""}","Very High","7","Not declared","LMB: Hellfire Chain (tentacle)
RMB: Soul Furnace (cone)
Q: Brimstone Ball (projectile)
E: Chain Lash (melee)
H: Penance Stare (buff)
SHIFT: Hell Ride (dash)
R: Rain of Hellfire (meteor)","../marketing/roster-before-rebuild/chainfire-front.png","../marketing/roster-before-rebuild/chainfire-rear.png","77e7e59","No after evidence supplied","","","","","","","","","","","","","","","src/data/characters.js","src/data/hero-models.js; src/engine/figure.js; def.model / def.build","Checked-in roster; no browser-local profiles"
"tempest","TEMPEST","Weather Sovereign","Weather Control","mutated","The forecast answers to her. Hail, gale, and lightning filed under mood.","Flight","32","3","Explicit source","martial","{""kind"":""dash"",""name"":""Wind Shear""}","{}","Not declared","{""scale"":0.97,""bulk"":0.9,""broad"":0.96,""head"":1.03,""neck"":0.92,""stance"":1}","{""costume"":""fitted"",""flightStyle"":""martial"",""hairColor"":""#17242b"",""definition"":0.85}","{""crest"":1,""collar"":1}","Not declared","{""primary"":""#e6e1ce"",""secondary"":""#3d455d"",""accent"":""#beeaff"",""skin"":""#6a4a3a""}","Very High","4","Not declared","LMB: Chain Lightning (beam)
RMB: Gale Force (cone)
Q: Hail Volley (volley)
E: Flash Freeze (cone)
H: Storm Domain (weather)
SHIFT: Tailwind (dash)
R: Stormfront (meteor)","../marketing/roster-before-rebuild/tempest-front.png","../marketing/roster-before-rebuild/tempest-rear.png","77e7e59","No after evidence supplied","","","","","","","","","","","","","","","src/data/characters.js","src/data/hero-models.js; src/engine/figure.js; def.model / def.build","Checked-in roster; no browser-local profiles"
"knightfall","KNIGHTFALL","The Night Itself","Tactical Vigilante","skilled","No powers. A plan for yours, though. Grapnel to the roofline, cape-glide off it, and he is suddenly somewhere above you.","Glide / Grapple","37","0","Explicit source","martial","{""kind"":""leap"",""name"":""Grapnel Vault"",""up"":44,""fwd"":64}","{""glider"":true}","Not declared","{""scale"":1,""bulk"":1,""broad"":1,""head"":1,""neck"":1,""stance"":1}","{""costume"":""fitted"",""flightStyle"":""martial"",""hairColor"":""#17242b"",""definition"":0.85}","{""hood"":1,""visor"":1,""collar"":1,""gaunt"":1,""coat"":1}","[{""kind"":""beacon"",""name"":""Line Beacon"",""cd"":3}]","{""primary"":""#2b3447"",""secondary"":""#3d4a5d"",""accent"":""#ffd557"",""skin"":""#e8c39a"",""cape"":""#212c44""}","Moderate","5","Not declared","LMB: Blade Fan (volley)
RMB: Cross Counter (melee)
Q: Smoke Vanish (teleport)
E: Caustic Charges (mine)
H: Grapnel Line (grapple)
SHIFT: Cape Slip (dash)
R: Wing Support (construct)","../marketing/roster-before-rebuild/knightfall-front.png","../marketing/roster-before-rebuild/knightfall-rear.png","77e7e59","No after evidence supplied","","","","","","","","","","","","","","","src/data/characters.js","src/data/hero-models.js; src/engine/figure.js; def.model / def.build","Checked-in roster; no browser-local profiles"
"aegis","AEGIS","Daughter of War","Warrior Princess","spiritual","Bracelets that hand bullets back and a golden lasso that ends arguments against the nearest wall.","Levitation","35","2","Explicit source","martial","{""kind"":""dash"",""name"":""Amazon Step""}","{}","Not declared","{""scale"":1.12,""bulk"":1.28,""broad"":1.24,""head"":0.9,""neck"":1.34,""stance"":1.18}","{""costume"":""fitted"",""flightStyle"":""martial"",""hairColor"":""#17242b"",""definition"":0.85}","{""band"":1,""pauldron"":1,""gaunt"":1,""weaponL"":""sword"",""shield"":1}","Not declared","{""primary"":""#e60653"",""secondary"":""#156ea0"",""accent"":""#ffd557"",""skin"":""#d8b088""}","Very High","9","{""schema"":1,""sourceSlot"":""f"",""ability"":{""type"":""buff"",""name"":""Blessing of Ares"",""cost"":24,""cd"":18,""mult"":1.6,""dur"":10,""color"":""#ffd24a"",""color2"":""#fff""}}","LMB: God-Forged Blade (melee)
RMB: Golden Lasso (tentacle)
Q: Aegis Wave (charge)
E: Shield Shout (cone)
SHIFT: War Stride (dash)
R: Wrath of Themyscira (charge)","../marketing/roster-before-rebuild/aegis-front.png","../marketing/roster-before-rebuild/aegis-rear.png","77e7e59","No after evidence supplied","","","","","","","","","","","","","","","src/data/characters.js","src/data/hero-models.js; src/engine/figure.js; def.model / def.build","Checked-in roster; no browser-local profiles"
"olympus","OLYMPUS","The Word Made Lightning","Divine Champion","spiritual","Say the word and the sky says it back. A kid's grin wearing a god's wattage.","Flight","33","3","Explicit source","martial","{""kind"":""dash"",""name"":""Bolt Step""}","{""afterburner"":{""mult"":2.1,""kiPerSec"":14,""wake"":[""#ffffff"",""#ffe9b0""]}}","Not declared","{""scale"":1.12,""bulk"":1.28,""broad"":1.24,""head"":0.9,""neck"":1.34,""stance"":1.18}","{""costume"":""fitted"",""flightStyle"":""martial"",""hairColor"":""#17242b"",""definition"":0.85}","{""wings"":1,""collar"":1,""gaunt"":1}","Not declared","{""primary"":""#f63705"",""secondary"":""#e6e2ce"",""accent"":""#ffe270"",""skin"":""#e8c39a"",""cape"":""#e6e2ce""}","Very High","8","{""schema"":1,""sourceSlot"":""f"",""ability"":{""type"":""buff"",""name"":""THE WORD"",""cost"":28,""cd"":20,""mult"":1.75,""dur"":10,""heal"":25,""color"":""#ffe066"",""color2"":""#ffffff""}}","LMB: Living Lightning (beam)
RMB: Thunder Fist (melee)
Q: Thunderbolt (charge)
E: Static Storm (volley)
SHIFT: Mercury Step (dash)
R: JUDGMENT BOLT (charge)","../marketing/roster-before-rebuild/olympus-front.png","../marketing/roster-before-rebuild/olympus-rear.png","77e7e59","No after evidence supplied","","","","","","","","","","","","","","","src/data/characters.js","src/data/hero-models.js; src/engine/figure.js; def.model / def.build","Checked-in roster; no browser-local profiles"
"marshal","MARSHAL","The Last Son of a Dead World","Phasing Telepath","alien","Walks through walls, reads the room literally, hits like a freight train from a world that no longer exists.","Flight","33","3","Explicit source","martial","{""kind"":""phase"",""name"":""Ghost Drift""}","{}","Not declared","{""scale"":1.12,""bulk"":1.28,""broad"":1.24,""head"":0.9,""neck"":1.34,""stance"":1.18}","{""costume"":""fitted"",""flightStyle"":""martial"",""hairColor"":""#17242b"",""definition"":0.85}","{""coat"":1,""collar"":1}","Not declared","{""primary"":""#28bb39"",""secondary"":""#31384a"",""accent"":""#86d6ff"",""skin"":""#5faf6a"",""cape"":""#1534a0""}","Very High","8","{""schema"":1,""sourceSlot"":""f"",""ability"":{""type"":""buff"",""name"":""Resolve of the Dead"",""cost"":24,""cd"":18,""mult"":1.55,""dur"":10,""color"":""#7fd4ff"",""color2"":""#fff""}}","LMB: Alien Vision (beam)
RMB: Density Hammer (melee)
Q: Ghost Body (phase)
E: Mind Skip (teleport)
SHIFT: Wraith Dash (dash)
R: Dominion (mindcontrol)","../marketing/roster-before-rebuild/marshal-front.png","../marketing/roster-before-rebuild/marshal-rear.png","77e7e59","No after evidence supplied","","","","","","","","","","","","","","","src/data/characters.js","src/data/hero-models.js; src/engine/figure.js; def.model / def.build","Checked-in roster; no browser-local profiles"
"circuit","CIRCUIT","Half Man, All Machine","Cybernetic Arsenal","tech","The accident left him half machine — the machine half never runs dry. BOOYAH is a technical term.","Levitation","28","2","Explicit source","thruster","{""kind"":""dash"",""name"":""Boost Vector""}","{}","Not declared","{""scale"":1.12,""bulk"":1.28,""broad"":1.24,""head"":0.9,""neck"":1.34,""stance"":1.18}","{""costume"":""plated"",""flightStyle"":""thruster"",""hairColor"":""#17242b"",""definition"":0.2}","{""tank"":1,""helmet"":1,""visor"":1,""pauldron"":2,""gun"":1}","Not declared","{""primary"":""#8da3a9"",""secondary"":""#31424a"",""accent"":""#86e7ff"",""skin"":""#5a3a28""}","High","8","{""schema"":1,""sourceSlot"":""f"",""ability"":{""type"":""buff"",""name"":""System Surge"",""cost"":26,""cd"":20,""mult"":1.55,""dur"":10,""heal"":25,""color"":""#7fe6ff"",""color2"":""#fff""}}","LMB: Sonic Cannon (rifle)
RMB: White Noise Beam (beam)
Q: Shock Grapple (projectile)
E: Overload Vent (cone)
SHIFT: Servo Burst (dash)
R: BOOYAH Cannon (beam)","../marketing/roster-before-rebuild/circuit-front.png","../marketing/roster-before-rebuild/circuit-rear.png","77e7e59","No after evidence supplied","","","","","","","","","","","","","","","src/data/characters.js","src/data/hero-models.js; src/engine/figure.js; def.model / def.build","Checked-in roster; no browser-local profiles"
"trench","TRENCH","King of the Drowned Court","Ocean Sovereign","mutated","A trident, a temper, and a court of things with too many teeth that answer when he whistles.","Ground","33","0","Explicit source","martial","{""kind"":""slide"",""name"":""Tidal Rush"",""slideT"":0.65,""power"":128}","{}","Not declared","{""scale"":1.12,""bulk"":1.28,""broad"":1.24,""head"":0.9,""neck"":1.34,""stance"":1.18}","{""costume"":""fitted"",""flightStyle"":""martial"",""hairColor"":""#17242b"",""definition"":0.85}","{""crest"":1,""pauldron"":1,""weaponR"":""spear""}","Not declared","{""primary"":""#f7df1b"",""secondary"":""#017dbc"",""accent"":""#86e7ff"",""skin"":""#d8b088""}","High","8","{""schema"":1,""sourceSlot"":""f"",""ability"":{""type"":""buff"",""name"":""King's Tide"",""cost"":24,""cd"":18,""mult"":1.55,""dur"":10,""heal"":25,""color"":""#7fe6ff"",""color2"":""#fff""}}","LMB: Trident Pierce (melee)
RMB: The Drowned Court (summon)
Q: Riptide (cone)
E: Harpoon Throw (projectile)
SHIFT: Current Ride (dash)
R: MAELSTROM (growingorb)","../marketing/roster-before-rebuild/trench-front.png","../marketing/roster-before-rebuild/trench-rear.png","77e7e59","No after evidence supplied","","","","","","","","","","","","","","","src/data/characters.js","src/data/hero-models.js; src/engine/figure.js; def.model / def.build","Checked-in roster; no browser-local profiles"
"decibel","DECIBEL","The Cry That Levels Blocks","Sonic Screamer","altered","Trained fists and a voice that files buildings under rubble. You'll hear her before you see her. Everyone does.","Ground","37","0","Explicit source","martial","{""kind"":""dash"",""name"":""Offbeat""}","{}","Not declared","{""scale"":0.97,""bulk"":0.9,""broad"":0.96,""head"":1.03,""neck"":0.92,""stance"":1}","{""costume"":""fitted"",""flightStyle"":""martial"",""hairColor"":""#17242b"",""definition"":0.85}","{""band"":1}","Not declared","{""primary"":""#313f4a"",""secondary"":""#6b3824"",""accent"":""#ffe270"",""skin"":""#e8c39a""}","Moderate","4","{""schema"":1,""sourceSlot"":""f"",""ability"":{""type"":""buff"",""name"":""Crescendo"",""cost"":22,""cd"":16,""mult"":1.5,""dur"":9,""color"":""#ffe066"",""color2"":""#fff""}}","LMB: Siren Scream (cone)
RMB: Combat Cadence (rush)
Q: Heel Turn (melee)
E: Focused Note (projectile)
SHIFT: Staccato Step (dash)","../marketing/roster-before-rebuild/decibel-front.png","../marketing/roster-before-rebuild/decibel-rear.png","77e7e59","No after evidence supplied","","","","","","","","","","","","","","","src/data/characters.js","src/data/hero-models.js; src/engine/figure.js; def.model / def.build","Checked-in roster; no browser-local profiles"
"coldsnap","COLDSNAP","The Absolute Zero Rule","Cryo Gunslinger","tech","Rules: plan the job, freeze the hero, walk away. The gun doesn't miss because he never hurries.","Ground","32","0","Explicit source","martial","{""kind"":""slide"",""name"":""Ice Slide"",""slideT"":0.6,""power"":122}","{}","Not declared","{""scale"":0.92,""bulk"":0.79,""broad"":0.9,""head"":1.09,""neck"":0.84,""stance"":0.94}","{""costume"":""fitted"",""flightStyle"":""martial"",""hairColor"":""#17242b"",""definition"":0.85}","{""helmet"":1,""visor"":1,""gun"":1}","Not declared","{""primary"":""#2aa3f0"",""secondary"":""#e6d7ce"",""accent"":""#beeaff"",""skin"":""#e8c39a""}","Moderate","3","Not declared","LMB: Cold Gun (rifle)
RMB: Flash Frost (cone)
Q: Glacier Wall (construct)
E: Cryo Charge (projectile)
H: Cold Read (buff)
SHIFT: Getaway (dash)
R: Absolute Frost (charge)","../marketing/roster-before-rebuild/coldsnap-front.png","../marketing/roster-before-rebuild/coldsnap-rear.png","77e7e59","No after evidence supplied","","","","","","","","","","","","","","","src/data/characters.js","src/data/hero-models.js; src/engine/figure.js; def.model / def.build","Checked-in roster; no browser-local profiles"
"foundry","CRUCIBLE","The Self-Made Man of Steel","Hammer Engineer","tech","Built the suit, forged the hammer, earned the S he paints on it. The hammer comes back. Eventually.","Limited flight","27","1","Explicit source","thruster","{""kind"":""leap"",""name"":""Rocket Boots"",""up"":46,""fwd"":62}","{}","Not declared","{""scale"":1.12,""bulk"":1.28,""broad"":1.24,""head"":0.9,""neck"":1.34,""stance"":1.18}","{""costume"":""plated"",""flightStyle"":""thruster"",""hairColor"":""#17242b"",""definition"":0.2}","{""tank"":1,""helmet"":1,""pauldron"":2,""gaunt"":1,""weaponR"":""axe""}","Not declared","{""primary"":""#627e8b"",""secondary"":""#c00f36"",""accent"":""#cad0db"",""skin"":""#5a3a28""}","High","9","{""schema"":1,""sourceSlot"":""f"",""ability"":{""type"":""buff"",""name"":""Tempered"",""cost"":24,""cd"":18,""mult"":1.5,""dur"":10,""heal"":30,""color"":""#c9cfd9"",""color2"":""#fff""}}","LMB: Foundry Hammer (melee)
RMB: Hammer Toss (projectile)
Q: Rivet Gun (rifle)
E: Forge Vent (cone)
SHIFT: Piston Drive (dash)
R: Orbital Forge (meteor)","../marketing/roster-before-rebuild/foundry-front.png","../marketing/roster-before-rebuild/foundry-rear.png","77e7e59","No after evidence supplied","","","","","","","","","","","","","","","src/data/characters.js","src/data/hero-models.js; src/engine/figure.js; def.model / def.build","Checked-in roster; no browser-local profiles"
"talon","TALON","The First Sidekick to Outgrow the Shadow","Acrobat Duelist","skilled","Raised in a circus, trained by the night. Two sticks, zero fear, unreasonable hang-time.","Combat leap","40","0","Explicit source","martial","{""kind"":""leap"",""name"":""Quadruple Somersault"",""up"":44,""fwd"":66}","{}","Not declared","{""scale"":1,""bulk"":1,""broad"":1,""head"":1,""neck"":1,""stance"":1}","{""costume"":""fitted"",""flightStyle"":""martial"",""hairColor"":""#17242b"",""definition"":0.85}","{""band"":1,""weaponL"":""knife"",""weaponR"":""knife""}","[{""kind"":""medkit"",""name"":""Circus Kit"",""cd"":9,""heal"":36,""charges"":2}]","{""primary"":""#2d2b47"",""secondary"":""#2415a0"",""accent"":""#46cbff"",""skin"":""#e8c39a""}","Low","5","{""schema"":1,""sourceSlot"":""f"",""ability"":{""type"":""buff"",""name"":""Flow State"",""cost"":20,""cd"":16,""mult"":1.45,""dur"":9,""color"":""#37c7ff"",""color2"":""#fff""}}","LMB: Escrima Cross (melee)
RMB: Flying Grayson (rush)
Q: Wing-Ding Fan (volley)
E: Staff Sweep (melee)
SHIFT: Tumbler (dash)","../marketing/roster-before-rebuild/talon-front.png","../marketing/roster-before-rebuild/talon-rear.png","77e7e59","No after evidence supplied","","","","","","","","","","","","","","","src/data/characters.js","src/data/hero-models.js; src/engine/figure.js; def.model / def.build","Checked-in roster; no browser-local profiles"
"abeo","ABEO","Shield of the Hand","Metal Bodyguard","mutated","COF canon: Hand of Uganda LSW bodyguard. Living metal. Stands between the president and everything.","Combat leap","27","0","Explicit source","thruster","{""kind"":""leap"",""name"":""Iron Bound"",""up"":40,""fwd"":58}","{}","Not declared","{""scale"":1.12,""bulk"":1.28,""broad"":1.24,""head"":0.9,""neck"":1.34,""stance"":1.18}","{""costume"":""plated"",""flightStyle"":""thruster"",""hairColor"":""#17242b"",""definition"":0.2}","{""helmet"":1,""pauldron"":2,""gaunt"":1}","Not declared","{""primary"":""#4b6468"",""secondary"":""#f7461b"",""accent"":""#ffdb81"",""skin"":""#5a3a28""}","High","9","{""schema"":1,""sourceSlot"":""f"",""ability"":{""type"":""buff"",""name"":""Tempered Oath"",""cost"":22,""cd"":18,""mult"":1.45,""dur"":10,""heal"":30,""color"":""#ffd97a"",""color2"":""#fff""}}","LMB: Iron Palm (melee)
RMB: Shockwave Stomp (cone)
Q: Shrapnel Fist (projectile)
E: Guard Break (melee)
SHIFT: Bulwark Rush (dash)
R: Foundation Breaker (charge)","../marketing/roster-before-rebuild/abeo-front.png","../marketing/roster-before-rebuild/abeo-rear.png","77e7e59","No after evidence supplied","","","","","","","","","","","","","","","src/data/characters.js","src/data/hero-models.js; src/engine/figure.js; def.model / def.build","Checked-in roster; no browser-local profiles"
"jelani","JELANI","Spear of the Hand","Strength-Speed","altered","COF canon: Hand of Uganda bodyguard. Strength AND speed — the combination treaties were written about.","Ground","46","0","Explicit source","martial","{""kind"":""sprint"",""name"":""Warpath"",""mult"":1.85,""dur"":1.4}","{}","Not declared","{""scale"":1.12,""bulk"":1.28,""broad"":1.24,""head"":0.9,""neck"":1.34,""stance"":1.18}","{""costume"":""fitted"",""flightStyle"":""martial"",""hairColor"":""#17242b"",""definition"":0.85}","{""band"":1,""gaunt"":1}","Not declared","{""primary"":""#f6052e"",""secondary"":""#313f4a"",""accent"":""#ffb649"",""skin"":""#5a3a28""}","High","9","Not declared","LMB: Piston Blow (melee)
RMB: Blur Assault (rush)
Q: Sonic Wake (cone)
E: Spear Tackle (melee)
H: Second Wind (buff)
SHIFT: Afterburn (dash)
R: A Hundred Hands (rush)","../marketing/roster-before-rebuild/jelani-front.png","../marketing/roster-before-rebuild/jelani-rear.png","77e7e59","No after evidence supplied","","","","","","","","","","","","","","","src/data/characters.js","src/data/hero-models.js; src/engine/figure.js; def.model / def.build","Checked-in roster; no browser-local profiles"
"kamaria","KAMARIA","Veil of the Hand","Phasing Guardian","mutated","COF canon: Hand of Uganda bodyguard. Assassins' blades pass through her; hers do not return the courtesy.","Levitation","36","2","Explicit source","martial","{""kind"":""phase"",""name"":""Through the Veil""}","{}","Not declared","{""scale"":1,""bulk"":1,""broad"":1,""head"":1,""neck"":1,""stance"":1}","{""costume"":""fitted"",""flightStyle"":""martial"",""hairColor"":""#17242b"",""definition"":0.85}","{""hood"":1,""collar"":1}","Not declared","{""primary"":""#01a1bc"",""secondary"":""#2b3247"",""accent"":""#86e7ff"",""skin"":""#5a3a28""}","High","5","Not declared","LMB: Veiled Edge (melee)
RMB: Untouchable (phase)
Q: Veil Step (teleport)
E: Phase Bolt (projectile)
H: Half-Here (buff)
SHIFT: Slip Veil (dash)
R: Ten Veils (rush)","../marketing/roster-before-rebuild/kamaria-front.png","../marketing/roster-before-rebuild/kamaria-rear.png","77e7e59","No after evidence supplied","","","","","","","","","","","","","","","src/data/characters.js","src/data/hero-models.js; src/engine/figure.js; def.model / def.build","Checked-in roster; no browser-local profiles"
"ramiro","RAMIRO","The Clown-Sheriff","Cartel Hunter","skilled","COF canon: a heavyset cop in clown makeup who terrorizes the cartels one district at a time. ""My son has to go home.""","Ground","31","0","Explicit source","martial","{""kind"":""dash"",""name"":""Lawman's Roll""}","{}","Not declared","{""scale"":1,""bulk"":1,""broad"":1,""head"":1,""neck"":1,""stance"":1}","{""costume"":""fitted"",""flightStyle"":""martial"",""hairColor"":""#17242b"",""definition"":0.85}","{""coat"":1,""band"":1,""weaponR"":""shotgun""}","[{""kind"":""flashbang"",""name"":""Flash Rounds"",""cd"":10,""radius"":26,""charges"":2}]","{""primary"":""#2a56f0"",""secondary"":""#e6e0ce"",""accent"":""#ff6657"",""skin"":""#d8b088""}","Moderate","6","{""schema"":1,""sourceSlot"":""f"",""ability"":{""type"":""buff"",""name"":""My Son Goes Home"",""cost"":20,""cd"":18,""mult"":1.5,""dur"":10,""heal"":35,""color"":""#ff5a4a"",""color2"":""#fff""}}","LMB: Riot Scattergun (rifle)
RMB: Service Revolver (rifle)
Q: Nightstick (melee)
E: Gas Canister (projectile)
SHIFT: Duck & Cover (dash)
R: Backup Called (summon)","../marketing/roster-before-rebuild/ramiro-front.png","../marketing/roster-before-rebuild/ramiro-rear.png","77e7e59","No after evidence supplied","","","","","","","","","","","","","","","src/data/characters.js","src/data/hero-models.js; src/engine/figure.js; def.model / def.build","Checked-in roster; no browser-local profiles"
"jawah","JAWAH MATU","The Silence","Sound Absorber","mutated","COF canon: absorbs sound through exposed skin. Your scream, your gunshot, your charge-up roar — he eats them all and grows stronger.","Ground","34","0","Explicit source","martial","{""kind"":""phase"",""name"":""Soundless Step""}","{}","Not declared","{""scale"":1,""bulk"":1,""broad"":1,""head"":1,""neck"":1,""stance"":1}","{""costume"":""fitted"",""flightStyle"":""martial"",""hairColor"":""#17242b"",""definition"":0.85}","{""hood"":1,""collar"":1}","Not declared","{""primary"":""#3d4c5d"",""secondary"":""#d9cebc"",""accent"":""#92e68d"",""skin"":""#5a3a28""}","High","5","{""schema"":1,""sourceSlot"":""f"",""ability"":{""type"":""buff"",""name"":""Stored Decibels"",""cost"":22,""cd"":16,""mult"":1.55,""dur"":9,""color"":""#8fe08a"",""color2"":""#fff""}}","LMB: Absorption Field (cone)
RMB: Dead-Air Palm (melee)
Q: Null Wave (projectile)
E: Returned Thunder (cone)
SHIFT: Hush (dash)
R: EVERY SOUND AT ONCE (charge)","../marketing/roster-before-rebuild/jawah-front.png","../marketing/roster-before-rebuild/jawah-rear.png","77e7e59","No after evidence supplied","","","","","","","","","","","","","","","src/data/characters.js","src/data/hero-models.js; src/engine/figure.js; def.model / def.build","Checked-in roster; no browser-local profiles"
"moses","MOSES APIO","The Atlas Protocol","Symbiont Host","symbiotic","COF canon: a young Mbarara mechanic bonded to the Atlas Protocol symbiont — it watches, it regenerates, it reaches.","Limited flight","35","1","Explicit source","martial","{""kind"":""phase"",""name"":""Symbiont Shift""}","{}","Not declared","{""scale"":1.06,""bulk"":1.15,""broad"":1.13,""head"":0.94,""neck"":1.18,""stance"":1.09}","{""costume"":""fitted"",""flightStyle"":""martial"",""hairColor"":""#17242b"",""definition"":0.85}","{""horns"":1,""crest"":1,""gaunt"":1}","Not declared","{""primary"":""#28bb39"",""secondary"":""#2b3247"",""accent"":""#a4ff65"",""skin"":""#5a3a28""}","High","7","Not declared","LMB: Atlas Tendrils (tentacle)
RMB: Symbiont Fist (melee)
Q: Protocol Surge (rush)
E: Bio Spike (projectile)
H: Regenerative Bond (buff)
SHIFT: Adaptive Slip (dash)","../marketing/roster-before-rebuild/moses-front.png","../marketing/roster-before-rebuild/moses-rear.png","77e7e59","No after evidence supplied","","","","","","","","","","","","","","","src/data/characters.js","src/data/hero-models.js; src/engine/figure.js; def.model / def.build","Checked-in roster; no browser-local profiles"
"dune","DUNE","The Walking Sahara","Sand Shaper","mutated","Original: every grain within a mile answers to him. Walls, fists, storms — the desert is a toolbox.","Ground","30","0","Explicit source","martial","{""kind"":""slide"",""name"":""Dune Surf"",""slideT"":0.65,""power"":126}","{}","Not declared","{""scale"":1,""bulk"":1,""broad"":1,""head"":1,""neck"":1,""stance"":1}","{""costume"":""fitted"",""flightStyle"":""martial"",""hairColor"":""#17242b"",""definition"":0.85}","{""collar"":1,""band"":1}","Not declared","{""primary"":""#f7741b"",""secondary"":""#b25c37"",""accent"":""#ffe8bf"",""skin"":""#c9915a""}","Moderate","6","{""schema"":1,""sourceSlot"":""f"",""ability"":{""type"":""buff"",""name"":""Hardpack"",""cost"":22,""cd"":18,""mult"":1.45,""dur"":10,""heal"":25,""color"":""#ffe8c0"",""color2"":""#fff""}}","LMB: Sandblast (cone)
RMB: Sand Rampart (construct)
Q: Fist of the Waste (projectile)
E: Dust Sentry (construct)
SHIFT: Grain Drift (dash)
R: SANDSTORM (meteor)","../marketing/roster-before-rebuild/dune-front.png","../marketing/roster-before-rebuild/dune-rear.png","77e7e59","No after evidence supplied","","","","","","","","","","","","","","","src/data/characters.js","src/data/hero-models.js; src/engine/figure.js; def.model / def.build","Checked-in roster; no browser-local profiles"
"graven","GRAVEN","The Weight of the World","Gravity Controller","mutated","Original: gravity is his native language. He levitates because falling is optional — and his wells swallow the battlefield.","Levitation","29","2","Explicit source","martial","{""kind"":""blink"",""name"":""Mass Shift"",""range"":22}","{}","Not declared","{""scale"":1,""bulk"":1,""broad"":1,""head"":1,""neck"":1,""stance"":1}","{""costume"":""fitted"",""flightStyle"":""martial"",""hairColor"":""#17242b"",""definition"":0.85}","{""helmet"":1,""visor"":1,""collar"":1}","Not declared","{""primary"":""#2b3747"",""secondary"":""#3f6790"",""accent"":""#86b4ff"",""skin"":""#b9c6cc""}","Very High","6","Not declared","LMB: Gravity Shear (cone)
RMB: Event Well (growingorb)
Q: Dense Star (projectile)
E: Displacement (teleport)
H: Zero-G Field (buff)
SHIFT: Slingshot (dash)
R: SINGULARITY SEED (charge)","../marketing/roster-before-rebuild/graven-front.png","../marketing/roster-before-rebuild/graven-rear.png","77e7e59","No after evidence supplied","","","","","","","","","","","","","","","src/data/characters.js","src/data/hero-models.js; src/engine/figure.js; def.model / def.build","Checked-in roster; no browser-local profiles"
"bulwark","BULWARK","The Living Rampart","Fortress","altered","Original: a one-man fortification. His barrier covers a squad, his walls rewrite the map, and he does not move unless he chooses to.","Ground","25","0","Explicit source","martial","{""kind"":""dash"",""name"":""Groundbreak"",""power"":88}","{}","Not declared","{""scale"":1.12,""bulk"":1.28,""broad"":1.24,""head"":0.9,""neck"":1.34,""stance"":1.18}","{""costume"":""fitted"",""flightStyle"":""martial"",""hairColor"":""#17242b"",""definition"":0.85}","{""helmet"":1,""pauldron"":2,""gaunt"":1,""shield"":1}","[{""kind"":""shieldpack"",""name"":""Aegis Cell"",""cd"":13,""shield"":45,""charges"":2}]","{""primary"":""#75903f"",""secondary"":""#3d485d"",""accent"":""#cad0db"",""skin"":""#c9915a""}","High","9","Not declared","LMB: Rampart Fist (melee)
RMB: Bastion Wall (construct)
Q: Repulse Field (cone)
E: Watchtower (construct)
H: Hold the Line (buff)
SHIFT: Advance (dash)
R: SIEGE END (charge)","../marketing/roster-before-rebuild/bulwark-front.png","../marketing/roster-before-rebuild/bulwark-rear.png","77e7e59","No after evidence supplied","","","","","","","","","","","","","","","src/data/characters.js","src/data/hero-models.js; src/engine/figure.js; def.model / def.build","Checked-in roster; no browser-local profiles"
"feral","FERAL","The Reclaimed","Beast Rusher","altered","Original: they made him a weapon; the wild took him back. Claws, hide like barbed wire, and a roar that moves crowds.","Combat leap","43","0","Explicit source","martial","{""kind"":""leap"",""name"":""Pounce"",""up"":46,""fwd"":72}","{}","Not declared","{""scale"":1.06,""bulk"":1.15,""broad"":1.13,""head"":0.94,""neck"":1.18,""stance"":1.09}","{""costume"":""fitted"",""flightStyle"":""martial"",""hairColor"":""#17242b"",""definition"":0.85}","{""mane"":1,""horns"":1,""gaunt"":1}","Not declared","{""primary"":""#b85123"",""secondary"":""#6b3e24"",""accent"":""#ffb649"",""skin"":""#c9915a""}","High","7","{""schema"":1,""sourceSlot"":""f"",""ability"":{""type"":""buff"",""name"":""Blood Frenzy"",""cost"":22,""cd"":16,""mult"":1.6,""dur"":9,""heal"":20,""color"":""#ffb03a"",""color2"":""#fff""}}","LMB: Rend (melee)
RMB: Pack Hunt (rush)
Q: Apex Roar (cone)
E: Savage Lunge (melee)
SHIFT: Predator Weave (dash)
R: NO CAGES (rush)","../marketing/roster-before-rebuild/feral-front.png","../marketing/roster-before-rebuild/feral-rear.png","77e7e59","No after evidence supplied","","","","","","","","","","","","","","","src/data/characters.js","src/data/hero-models.js; src/engine/figure.js; def.model / def.build","Checked-in roster; no browser-local profiles"
"breach","BREACH","Entry Team","Military / Shield Breacher","skilled","[PROPOSED] An armored entry specialist. Flechettes control close range, a concussive launcher opens space, and the shield holds a frontal line. Flank or grab the shield; make the shotgun chase you.","Ground","30","0","Explicit source","thruster","{""kind"":""dash"",""name"":""Entry Roll""}","{}","Not declared","{""scale"":1.02,""bulk"":1.08,""broad"":1.1,""stance"":1.05,""head"":0.97,""neck"":1.05}","{""costume"":""tactical"",""flightStyle"":""thruster"",""hairColor"":""#17242b"",""definition"":0.35}","{""helmet"":1,""visor"":1,""pauldron"":1,""gaunt"":1,""weaponR"":""shotgun"",""shield"":1}","[{""kind"":""flashbang"",""name"":""Breach Flash"",""cd"":12,""charges"":2}]","{""primary"":""#596c51"",""secondary"":""#29392f"",""accent"":""#e5b654"",""skin"":""#8c6042""}","Low","4","Not declared","LMB: Breach Shotgun (rifle)
RMB: Concussion Launcher (projectile)
Q: Shield Check (melee)
E: Entry Charge (mine)
H: Field Dressing (buff)
SHIFT: Entry Roll (dash)
R: Demolition Round (projectile)","../marketing/roster-before-rebuild/breach-front.png","../marketing/roster-before-rebuild/breach-rear.png","77e7e59","No after evidence supplied","","","","","","","","","","","","","","","src/data/military-characters.js","src/data/hero-models.js; src/engine/figure.js; def.model / def.build","Checked-in roster; no browser-local profiles"
"recon","RECON","Long Sight","Military / Rifle Scout","skilled","[PROPOSED] A mobile rifle scout. Fast blaster fire, a charged sidearm and a deliberate marksman shot reward clean aim. Jump jets buy brief altitude, not permanent flight; a close fighter can overwhelm the light armor.","Ground","36","0","Explicit source","thruster","{""kind"":""dash"",""name"":""Scout Roll""}","{}","Not declared","{""scale"":1.02,""bulk"":1.08,""broad"":1.1,""stance"":1.05,""head"":0.97,""neck"":1.05}","{""costume"":""tactical"",""flightStyle"":""thruster"",""hairColor"":""#17242b"",""equipment"":""soldier"",""definition"":0.35}","{""helmet"":1,""visor"":1,""collar"":1,""weaponR"":""rifle"",""weaponL"":""pistol""}","[{""kind"":""jetcell"",""name"":""Limited Jump Jets"",""cd"":18,""dur"":4,""charges"":2}]","{""primary"":""#576d79"",""secondary"":""#24383f"",""accent"":""#83cbd4"",""skin"":""#bb8d68""}","Low","3","Not declared","LMB: Scout Blaster (rifle)
RMB: Charged Sidearm (charge)
Q: Scoped Marksman Rifle (rifle)
E: Scout Grenade (projectile)
H: Trauma Patch (buff)
SHIFT: Scout Roll (dash)
R: Anti-Armor Rocket (projectile)","../marketing/roster-before-rebuild/recon-front.png","../marketing/roster-before-rebuild/recon-rear.png","77e7e59","No after evidence supplied","","","","","","","","","","","","","","","src/data/military-characters.js","src/data/hero-models.js; src/engine/figure.js; def.model / def.build","Checked-in roster; no browser-local profiles"
